variable,count,mean,std,min,25%,50%,75%,max,original
dummy1,1000.0,0.00017695859024805639,0.01041935082433248,-0.0311091774280932,-0.006940274848000349,0.00026533815748219997,0.007461792138187149,0.0353664260478161,0.0056888859420715
dummy2,1000.0,-3.616622123149148e-05,0.012082432399572832,-0.0376628461608444,-0.0075160708716697,-0.0001834967629407,0.007468237897592625,0.0383880333218664,0.0256367978892151
x1,1000.0,-0.013170696665240764,3.0785123567366512,-9.448079383049269,-2.0089742142057725,-0.13138988937531534,1.8901953991136322,28.20311280342558,28.20311280342558
x2,1000.0,-0.05665429886884339,7.626928997264704,-20.32661041861976,-5.542549152107286,0.09562034740807775,4.836792342367907,75.04477105800221,75.04477105800221
x3,1000.0,0.1409656446710948,1.9555719535504028,-7.17834893519936,-1.1534977774626234,0.043885266046884905,1.3230455416310554,17.752412960867456,17.752412960867456
